지역,이름,소재지,홀,구분
강원,라데나골프클럽,춘천시 신동면 칠전동길 72,27,회원제
강원,엘리시안 강촌컨트리클럽,춘천시 남산면 북한강변길 688,27,회원제
강원,제이드팰리스 골프클럽,춘천시 남산면 경춘로 212-30,18,회원제
강원,남춘천컨트리클럽,춘천시 신동면 오봉길 156,18,대중제
강원,휘슬링락컨트리클럽,춘천시 남산면 동촌로 501,27,회원제
강원,오너스골프클럽,춘천시 남산면 동촌로 667,18,대중제
강원,파가니카컨트리클럽,춘천시 남면 소주고개로 145-10,18,대중제
강원,더플레이어스 골프클럽,춘천시 동산면 새술막길 438,27,대중제
강원,스프링베일리조트,춘천시 동면 금베이길 93-27,9,대중제
강원,로드힐스골프클럽,춘천시 동산면 종자리로 148-16,27,대중제
강원,라비에벨컨트리클럽,춘천시 동산면 종자리로 436,36,대중제
강원,베어크리크 춘천,춘천시 신동면 김유정로 730,18,대중제
강원,오크밸리회원제골프장,원주시 지정면 오크밸리1길 66,36,회원제
강원,월송리 컨트리클럽,원주시 지정면 오크밸리2길 250,18,대중제
강원,Oak Hills컨트리클럽,원주시 지정면 오크밸리2길 58,18,회원제
강원,성문안 컨트리클럽,원주시 지정면 월송석화로 431,18,비회원제
강원,센추리21컨트리클럽,원주시 문막읍 궁말길 193,18,회원제
강원,센추리21컨트리클럽Ⅱ,원주시 문막읍 궁말길 193,18,대중제
강원,센추리21퍼블릭,원주시 문막읍 궁말길 193,9,대중제
강원,파크밸리골프클럽,원주시 소초면 바우실길 281,18,대중제
강원,동서울레스피아,원주시 지정면 신평석화로 236,9,대중제
강원,인터불고원주골프클럽,원주시 동부순환로 200(반곡동),9,비회원제
강원,오로라 골프 앤 리조트,원주시 신림면 구학산로 1520,18,대중제
강원,샌드파인골프클럽,강릉시 저동등길 53(저동),18,회원제
강원,메이플비치골프&리조트,강릉시 강동면 풍호길 300-78,18,대중제
강원,O2리조트 골프장,태백시 서학로 861,18,대중제
강원,O2리조트 퍼블릭골프장,태백시 서학로 861,9,대중제
강원,설악프라자컨트리클럽,속초시 미시령로2983번길 56-20,18,회원제
강원,영랑호컨트리클럽,속초시 영랑호반길 170,9,대중제
강원,파인밸리컨트리클럽,삼척시 근덕면 미근로 1629,18,대중제
강원,블랙밸리컨트리클럽,삼척시 도계읍 도상로 307-84,18,대중제
강원,소노펠리체 컨트리클럽 비발디파크 웨스트,홍천군 서면 한치골길 200,18,대중제
강원,소노펠리체 컨트리클럽 비발디파크 마운틴,홍천군 서면 한치골길 264,9,대중제
강원,소노펠리체 컨트리클럽 비발디파크 이스트,홍천군 서면 한치골길 541-123,18,대중제
강원,비콘힐스골프클럽,홍천군 홍천읍 높은터로 533,18,대중제
강원,힐드로사이컨트리클럽,홍천군 남면 한서로 2840,18,대중제
강원,클럽모우골프 &라이프스타일,홍천군 서면 장락동길 111,27,대중제
강원,세이지우드CC홍천,홍천군 두촌면 광석로 898-160,27,비회원제
강원,샤인데일골프&리조트,홍천군 서면 한서로 247-156,27,대중제
강원,카스카디아 골프클럽,홍천군 북방면 팔봉산로 1759,27,비회원제
강원,웰리힐리컨트리클럽,횡성군 둔내면 고원로 451,36,회원제
강원,웰리힐리퍼블릭,횡성군 둔내면 고원로 451,10,비회원제
강원,동원썬밸리컨트리클럽,횡성군 서원면 서원서로339번길 90,18,대중제
강원,알프스대영컨트리클럽,횡성군 우천면 한우로 1295,18,대중제
강원,벨라스톤컨트리클럽,횡성군 서원면 옥계9길 124,18,대중제
강원,올데이 옥스필드,횡성군 서원면 경강로 유현6길 28,18,대중제
강원,벨라45 오너스 컨트리클럽,횡성군 서원면 창촌리 산132,18,회원제
강원,벨라45마스터스 컨트리클럽,횡성군 서원면 창촌리 산124,27,대중제
강원,동강시스타 골프장,영월군 영월읍 사지막길 160,18,대중제
강원,용평리조트골프클럽,평창군 대관령면 올림픽로 715,18,회원제
강원,용평버치힐골프클럽,평창군 대관령면 올림픽로 715,18,회원제
강원,용평리조트대중골프장,평창군 대관령면 올림픽로 715,9,대중제
강원,휘닉스 컨트리클럽,평창군 봉평면 태기로 227-84,18,회원제
강원,휘닉스대중골프장,평창군 봉평면 태기로 227-84,6,대중제
강원,알펜시아컨트리클럽,평창군 대관령면 솔봉로 325,27,회원제
강원,알펜시아 700골프클럽,평창군 대관령면 솔봉로 325,18,대중제
강원,하이원컨트리클럽,정선군 고한읍 고한7길 399,18,대중제
강원,에콜리안정선골프장,정선군 신동읍 새골길 112-49,9,대중제
강원,한탄강컨트리클럽,철원군 갈말읍 순담길 59,18,대중제
강원,설악썬밸리컨트리클럽,고성군 죽왕면 순포로 188,27,대중제
강원,소노펠리체 컨트리클럽 델피노,고성군 토성면 미시령옛길 1153,18,대중제
강원,파인리즈컨트리클럽,고성군 토성면 잼버리동로 267,27,대중제
강원,설해원,양양군 손양면 공항로 230,27,대중제
강원,설해원더 레전드 코스,양양군 손양면 공항로 230,18,대중제
경기,한원컨트리클럽,경기도 용인시 처인구 남사읍 전나무골길2번길 94,27,회원제
경기,양지파인골프클럽,경기도 용인시 처인구 양지면 남평로 112,27,대중제
경기,수원컨트리클럽,경기도 용인시 기흥구 중부대로 495,36,회원제
경기,플라자CC,경기도 용인시 처인구 남사읍 봉무로 153번길 79,36,회원제
경기,태광컨트리클럽(회원제),경기도 용인시 기흥구 흥덕4로 77,27,회원제
경기,태광컨트리클럽(대중제),경기도 용인시 기흥구 흥덕4로 77,9,대중제
경기,한성컨트리클럽,경기도 용인시 기흥구 구교동로 151,27,회원제
경기,골드컨트리클럽,경기도 용인시 기흥구 기흥단지로 398,36,회원제
경기,국가보훈부 88골프장,경기도 용인시 기흥구 석성로 521번길 169,36,회원제
경기,레이크사이드CC(대중제),경기도 용인시 처인구 모현읍 능원로 181,36,대중제
경기,레이크사이드CC(회원제),경기도 용인시 처인구 모현읍 능원로 181,18,회원제
경기,남부컨트리클럽,경기도 용인시 기흥구 사은로 163,18,회원제
경기,신원CC,경기도 용인시 이동읍 이원로 225,27,회원제
경기,은화삼컨트리클럽,경기도 용인시 처인구 백옥대로 860-38,18,회원제
경기,아시아나컨트리클럽,경기도 용인시 처인구 양지면 양대로 290,36,회원제
경기,블루원용인CC(회원제),경기도 용인시 처인구 원삼면 보개원삼로 1534번길 40,18,회원제
경기,블루원용인CC(비회원제),경기도 용인시 처인구 원삼면 보개원삼로 1534번길 40,9,대중제
경기,코리아컨트리클럽,경기도 용인시 처인구 이동읍 기흥단지로 579,27,회원제
경기,코리아대중CC,경기도 용인시 기흥구 기흥단지로 224,9,대중제
경기,지산컨트리클럽,경기도 용인시 처인구 원삼면 죽양대로 2000번길 60,27,회원제
경기,지산퍼블릭,경기도 용인시 처인구 원삼면 죽양대로 2100번길 60,9,대중제
경기,화산컨트리클럽,경기도 용인시 처인구 이동읍 화산로 239,18,회원제
경기,한림용인CC,경기도 용인시 처인구 남사읍 경기동로 628,27,대중제
경기,글렌로스 골프클럽,경기도 용인시 처인구 포곡읍 에버랜드로 562번길 69,9,대중제
경기,용인CC,경기도 용인시 처인구 백암면 황새울로 255,9,대중제
경기,석천CC,경기도 용인시 처인구 백암면 황새울로 255,9,대중제
경기,써닝포인트 컨트리클럽,경기도 용인시 처인구 백암면 고안로 51번길 205,18,대중제
경기,해솔리아 컨트리클럽,경기도 용인시 처인구 이동읍 백자로 369,27,대중제
경기,세현CC,경기도 용인시 처인구 이동읍 백자로 450,18,대중제
경기,한양컨트리클럽,경기도 고양시 덕양구 고양대로1643번길 164,36,회원제
경기,뉴코리아 컨트리클럽,경기도 고양시 덕양구 신원2로 57,18,회원제
경기,고양컨트리클럽,경기도 고양시 덕양구 흥도로 304-23,9,대중제
경기,1·2·3 골프장,경기도 고양시 덕양구 통일로 43-168,6,대중제
경기,올림픽 골프장,경기도 고양시 덕양구 혜음로 301,9,대중제
경기,일산스프링힐스 컨트리클럽,경기도 고양시 일산동구 산황로 108,9,대중제
경기,한양파인컨트리클럽,경기도 고양시 덕양구 고양대로 1591,9,대중제
경기,남서울컨트리클럽,경기도 성남시 분당구 판교백현로 161,18,회원제
경기,리베라컨트리클럽,경기도 화성시 중리길 183,36,회원제
경기,기흥컨트리클럽,경기도 화성시 풀무골로106번길 244,36,회원제
경기,발리오스컨트리클럽(회원제),경기도 화성시 팔탄면 3.1만세로 641-28,18,회원제
경기,발리오스컨트리클럽(비회원제),경기도 화성시 팔탄면 3.1만세로 641-28,9,비회원제
경기,라비돌컨트리클럽,경기도 화성시 정남면 세자로 286,9,대중제
경기,화성 상록G.C,경기도 화성시 풀무골로60번길 80,27,대중제
경기,화성골프클럽,경기도 화성시 남양읍 화성로 1393-27,9,대중제
경기,링크나인골프클럽,경기도 화성시 마도면 해운로630번길 49,9,대중제
경기,양주 컨트리클럽,경기도 남양주시 화도읍 북한강로 1525-52,18,회원제
경기,광릉CC(회원제),경기도 남양주시 진접읍 팔야로 280,18,회원제
경기,광릉CC(비회원제),경기도 남양주시 진접읍 팔야로 280,6,대중제
경기,비전힐스CC,경기도 남양주시 화도읍 마치로 226-220,18,회원제
경기,해비치 컨트리클럽,경기도 남양주시 화도읍 재재기로 190번길 160,18,회원제
경기,남양주CC,경기도 남양주시 오남읍 진건오남로 516-31,9,대중제
경기,더헤븐 컨트리클럽,경기도 안산시 단원구 대선로466(대부남동),27,대중제
경기,제일컨트리클럽,경기도 안산시 상록구 태마당로28(부곡동),27,회원제
경기,솔트베이 골프클럽,경기도 시흥시 마유로 987 (장곡동),18,대중제
경기,아세코밸리골프클럽,경기도 시흥시 마전로 307 (거모동),9,대중제
경기,김포SEASIDE 컨트리클럽,경기도 김포시 월곶면 김포대로 2081번길 219,18,회원제
경기,서서울 컨트리클럽,경기도 파주시 광탄면 혜음로 324,18,회원제
경기,서원밸리 골프장,경기도 파주시 광탄면 서원길 333,18,회원제
경기,서원힐스 골프장,경기도 파주시 광탄면 서원길 333,27,대중제
경기,파주 J-Public 골프장,경기도 파주시 조리읍 장곡로 100,6,대중제
경기,파주컨트리클럽,경기도 파주시 법원읍 화합로 306,18,대중제
경기,베스트밸리 골프클럽,경기도 파주시 광탄면 장지산로200번길 32-41,9,대중제
경기,노스팜 컨트리클럽,경기도 파주시 광탄면 쇠장이길 265,18,대중제
경기,스마트KU 골프 파빌리온,경기도 파주시 법원읍 보광로 1616,27,대중제
경기,타이거CC 골프장,경기도 파주시 법원읍 술이홀로 1803,18,대중제
경기,남촌컨트리클럽,경기도 광주시 곤지암읍 부항길 135-38,18,회원제
경기,이스트밸리CC,경기도 광주시 곤지암읍 건업길 195,27,회원제
경기,그린힐 컨트리클럽,경기도 광주시 곤지암읍 내선길 176,18,회원제
경기,강남300 컨트리클럽,경기도 광주시 새말길 353(목동),18,회원제
경기,로제비앙GC,경기도 광주시 곤지암읍 오항길 180,27,대중제
경기,곤지암GC,경기도 광주시 도척면 도척윗로 280,18,회원제
경기,중부컨트리클럽,경기도 광주시 곤지암읍 경충대로 451,18,회원제
경기,뉴서울컨트리클럽,경기도 광주시 삼지곡길 95(삼동),36,회원제
경기,캐슬렉스골프클럽,경기도 하남시 감이로 317(감이동),18,회원제
경기,안양컨트리클럽,경기도 군포시 군포로364(부곡동),18,회원제
경기,레이크우드 골프장(회원제),경기도 양주시 만송로 244,27,회원제
경기,레이크우드 골프장(비회원제),경기도 양주시 만송로 244,9,비회원제
경기,송추 컨트리클럽,경기도 양주시 광적면 쇠장이길 435,18,회원제
경기,에이치원 클럽,경기도 이천시 호법면 장자터로 115,18,회원제
경기,뉴스프링빌골프장,경기도 이천시 모가면 사실로 527번길 158,36,회원제
경기,뉴스프링빌골프장(대중형),경기도 이천시 모가면 사실로 527번길 158,9,대중제
경기,비에이비스타골프장(회원),경기도 이천시 모가면 어농로 272,41,회원제
경기,비에이비스타컨트리클럽(비회원),경기도 이천시 모가면 어농로 272,18,대중제
경기,더반 골프클럽,경기도 이천시 대월면 대월로 627-141,9,대중제
경기,사우스스프링스C.C,경기도 이천시 모가면 공원로 64,18,대중제
경기,블랙스톤골프장(회원제),경기도 이천시 장호원읍 장여로 459-160,18,회원제
경기,블랙스톤골프장(대중형),경기도 이천시 장호원읍 장여로 459-160,9,대중제
경기,이천실크밸리골프클럽,경기도 이천시 율면 임오산로 296,27,대중제
경기,마이다스레이크 이천 골프&리조트,경기도 이천시 설성면 설가로 602,27,대중제
경기,웰링턴컨트리클럽,경기도 이천시 모가면 사실로 725번길 119-73,27,회원제
경기,더크로스비골프클럽,경기도 이천시 호법면 중부대로798번길 177,27,대중제
경기,파인크리크C.C,경기도 안성시 양성면 안성맞춤대로 2417-13,27,대중제
경기,골프클럽Q,경기도 안성시 죽산면 장계길 20-229,18,대중제
경기,골프존카운티 안성H,경기도 안성시 보개면 보삼로 302,18,대중제
경기,마에스트로 CC,경기도 안성시 양성면 안성맞춤대로 2134-36,18,대중제
경기,안성컨트리클럽,경기도 안성시 죽산면 걸미로 487,18,회원제
경기,안성베네스트G.C,경기도 안성시 금광면 삼흥로 660,27,회원제
경기,안성베네스트골프클럽 일반대중홀,경기도 안성시 금광면 삼흥로 660,9,대중제
경기,신안컨트리클럽,경기도 안성시 고삼면 개울말길 149,18,회원제
경기,신안 퍼블릭 CC,경기도 안성시 고삼면 개울말길 149,9,대중제
경기,윈체스트 골프클럽 대중,경기도 안성시 서운면 오촌길 97-31,18,대중제
경기,포웰CC 안성,경기도 안성시 양성면 약산길 67-6,18,대중제
경기,골프존카운티 안성W,경기도 안성시 양성면 교동길 19-70,18,대중제
경기,한림안성,경기도 안성시 양성면 양성로 349-61,9,대중제
경기,에덴블루 컨트리클럽,경기도 안성시 죽산면 녹배길 175,27,대중제
경기,이글몬트CC,경기도 안성시 보개면 보삼로 106,27,대중제
경기,필로스 골프클럽,경기도 포천시 일동면 운악청계로 1507,27,대중제
경기,포천아도니스 C.C,경기도 포천시 신북면 포천로 2499,27,회원제
경기,포천아도니스 대중골프장,경기도 포천시 신북면 포천로 2499,9,대중제
경기,베어크리크골프클럽,경기도 포천시 화현면 달인동로 35,36,대중제
경기,몽베르 컨트리클럽(회원제),경기도 포천시 영북면 산정호수로 359-12,18,회원제
경기,몽베르 컨트리클럽(비회원제),경기도 포천시 영북면 산정호수로 359-13,18,대중제
경기,일동레이크 골프클럽,경기도 포천시 일동면 화동로 738,18,회원제
경기,일동레이크대중제골프장,경기도 포천시 일동면 화동로 738,12,대중제
경기,푸른솔 골프클럽 포천,경기도 포천시 가산면 금우로276,27,대중제
경기,포천힐스 컨트리클럽,경기도 포천시 군내면 반월산성로 375번길 34,27,대중제
경기,포레스트힐 컨트리클럽,경기도 포천시 화현면 봉화로 253,24,대중제
경기,참밸리 컨트리클럽,경기도 포천시 삼육사로 1982,18,대중제
경기,샴발라 컨트리클럽,경기도 포천시 군내면 청군로 2856-93,18,대중제
경기,라싸 골프클럽,경기도 포천시 이동면 제비울2길 161,27,대중제
경기,힐마루 골프앤리조트 포천,경기도 포천시 영중면 금화봉 4길 77-1,45,대중제
경기,더스타휴 컨트리클럽,경기도 양평군 양동면 양동로 756,18,회원제
경기,양평TPC GC,경기도 양평군 지평면 대평평장길 113-8,27,대중제
경기,YJC골프클럽,경기도 여주시 월평로 78,27,회원제
경기,남여주대중골프장,경기도 여주시 가여로 532,27,대중제
경기,소피아그린,경기도 여주시 점동면 소피아그린길 84,27,대중제
경기,솔모로골프장,경기도 여주시 가남읍 솔모로그린길 171,36,회원제
경기,금강컨트리클럽(회원),경기도 여주시 가남읍 여주남로 541,18,회원제
경기,금강컨트리클럽(대중),경기도 여주시 가남읍 여주남로 541,9,대중제
경기,자유컨트리클럽,경기도 여주시 가남읍 자유그린길 69,36,회원제
경기,빅토리아일반대중골프장,경기도 여주시 가남읍 송삼로 191,9,대중제
경기,아리지 골프장,경기도 여주시 가남읍 아리지그린길 68,27,대중제
경기,이포골프장,경기도 여주시 금사면 장흥로 416,18,회원제
경기,렉스필드 컨트리클럽(회원),경기도 여주시 산북면 광여로 1115,18,회원제
경기,렉스필드 컨트리클럽(비회원),경기도 여주시 산북면 광여로 1115,9,비회원제
경기,블루헤런G.C,경기도 여주시 대신면 고달사로 67,18,회원제
경기,신라컨트리클럽,경기도 여주시 북내면 신라그린길 84,27,대중제
경기,스카이밸리골프장(회원),경기도 여주시 북내면 운촌길 254,18,회원제
경기,스카이밸리골프장(비회원),경기도 여주시 북내면 운촌길 254,18,대중제
경기,캐슬파인골프클럽,경기도 여주시 강천면 부평로 580,18,대중제
경기,해슬리나인브릿지 컨트리클럽,경기도 여주시 명품1로 76,18,회원제
경기,세라지오GC,경기도 여주시 여양로 530,18,대중제
경기,360도 컨트리클럽,경기도 여주시 강천면 부평로 609,18,대중제
경기,여주썬밸리 컨트리클럽,경기도 여주시 강천면 강문로 872,9,대중제
경기,페럼클럽,경기도 여주시 점동면 점동로 181,18,대중제
경기,ROUTE52CC,경기도 여주시 북내면 중암1길 36,18,대중제
경기,티클라우드컨트리클럽,경기도 동두천시 평화로 3202,18,회원제
경기,썬힐G.C,경기도 가평군 조종면 운악청계로 809,36,대중제
경기,마이다스밸리 청평 골프클럽,경기도 가평군 설악면 다락재로 73-111,18,회원제
경기,프리스틴밸리 골프클럽,경기도 가평군 설악면 유명로 1243-199,18,회원제
경기,아난티클럽서울,경기도 가평군 설악면 유명로 961-34,27,회원제
경기,가평 베네스트G.C,경기도 가평군 상면 둔덕말길 232,27,회원제
경기,크리스탈밸리C.C,경기도 가평군 상면 대보간선로 602-111,18,회원제
경기,리앤리C.C,경기도 가평군 조종면 운악청계로 702-24,27,대중제
경기,베뉴지CC,경기도 가평군 가평읍 용추로 171번길 100,27,대중제
경기,자유로컨트리클럽,경기도 연천군 백학면 노아로297번길 179-55,27,대중제
경남,창원컨트리클럽,창원시 의창구 대봉로 137,18,회원제
경남,용원컨트리클럽,창원시 진해구 가주로 133,27,회원제
경남,아라미르골프앤리조트,창원시 진해구 수제로 36,36,비회원제
경남,진주컨트리클럽,진주시 진성면 진성로 464번길 82,18,대중제
경남,통영동원로얄컨트리클럽,통영시 산양읍 담안길 240,18,대중제
경남,서경타니CC,사천시 곤양면 흥신로 210,27,대중제
경남,서경타니CC,사천시 곤양면 흥신로 210,9,대중제
경남,삼삼컨트리클럽,사천시 축동면 화당산로 224,9,대중제
경남,골프존카운티 사천,사천시 서포면 구송로 151,27,대중제
경남,가야컨트리클럽,김해시 인제로 495,45,회원제
경남,가야컨트리클럽,김해시 인제로 495,9,대중제
경남,김해정산컨트리클럽,김해시 주촌면 서부로 1637번길 299-194,27,회원제
경남,포웰CC 김해,김해시 진례면 고모로 134번길 54-49,18,회원제
경남,김해상록컨트리클럽,김해시 한림면 김해대로 974번길 198,18,대중제
경남,리더스컨트리클럽,밀양시 활성로 455,27,대중제
경남,밀양컨트리클럽,밀양시 부북면 전사포리 832,9,대중제
경남,밀양노벨컨트리클럽,밀양시 단장면 단장로 946,18,대중제
경남,밀양에스파크골프리조트,밀양시 단장면 미촌리 889,18,대중제
경남,거제드비치골프클럽,거제시 장목면 거제북로 1573,18,회원제
경남,거제뷰컨트리클럽,거제시 거제면 두동로 259-80,18,대중제
경남,통도파인이스트컨트리클럽,양산시 하북면 신평남부길 78-130,36,회원제
경남,동부산컨트리클럽,양산시 매곡외산로 282,27,회원제
경남,에이원컨트리클럽,양산시 덕명로 190,27,회원제
경남,에덴밸리컨트리클럽,양산시 원동면 어실로 910,18,회원제
경남,양산컨트리클럽,양산시 상북면 충렬로 687,27,대중제
경남,다이아몬드컨트리클럽,양산시 상북면 공원로 305-391,18,대중제
경남,양산동원로얄CC,양산시 어실로 380-45,18,대중제
경남,의령친환경골프장,의령군 의령읍 남강로 417,9,대중제
경남,의령 리온컨트리클럽,의령군 칠곡면 지굴산로 101-33,27,대중제
경남,골프존카운티 경남,함안군 칠원면 운무로 470,18,대중제
경남,부곡컨트리클럽,창녕군 부곡면 온천로 445,18,회원제
경남,힐마루컨트리클럽,창녕군 장마면 영산계성로 469-195,18,회원제
경남,힐마루컨트리클럽,창녕군 장마면 영산계성로 469-195,18,대중제
경남,고성노벨컨트리클럽,고성군 회화면 회진로 567,27,회원제
경남,고성컨트리클럽,고성군 고성읍 월평3길 250,9,대중제
경남,아난티남해CC,남해군 남면 남서대로 1179번길 40-109,9,대중제
경남,아난티남해GC,남해군 남면 남서대로 1179번길 40-109,9,대중제
경남,사우스케이프오너스클럽,남해군 창선면 흥선로 1545,18,비회원제
경남,경남스카이뷰CC,함양군 서상면 소로길 226,18,대중제
경남,거창친환경대중골프장,거창군 가조면 우륵길 410-284,9,대중제
경남,클럽디거창,거창군 신원면 덕산리 산 13번지,27,대중제
경남,아델스코트 컨트리클럽,합천군 가야면 가조가야로 1916-35,27,대중제
경북,오션힐스포항C.C,경상북도 포항시 북구 송라면 대전길 7,18,회원제
경북,오션힐스포항C.C,경상북도 포항시 북구 송라면 대전길 7,9,대중제
경북,청하이스턴C.C,경상북도 포항시 청하면 용산길 94,9,대중제
경북,포항C.C,경상북도 포항시 송라면 동해대로 2751번길 123,18,대중제
경북,경주신라C.C,경상북도 경주시 보문로 319,36,회원제
경북,보문G.C,경상북도 경주시 보문로 182-14,18,대중제
경북,경주C.C,경상북도 경주시 보문로 182-98,27,대중제
경북,마우나오션C.C,경상북도 경주시 양남면 동남로 982,18,회원제
경북,마우나오션블루,경상북도 경주시 양남면 동남로 982,9,대중제
경북,가든골프클럽,경상북도 경주시 불국로 289-17,9,대중제
경북,우리G.C,경상북도 경주시 양남면 동남로 972,9,대중제
경북,서라벌G.C,경상북도 경주시 외동읍 내외로 577-189,36,대중제
경북,서라벌G.C,경상북도 경주시 외동읍 내외로 577-189,9,대중제
경북,골프존카운티 감포,경상북도 경주시 감포읍 동해안로 1819-59,18,대중제
경북,디아너스C.C,경상북도 경주시 보불로 391,27,회원제
경북,선리치G.C,경상북도 경주시 안강읍 검단장골길 181-17,9,대중제
경북,안강레전드G.C,경상북도 경주시 안강읍 낙산길 85,9,대중제
경북,이스트힐C.C,경상북도 경주시 양남면 외남로 1377,18,대중제
경북,힐스카이C.C,경상북도 경주시 천북면 천강로 412-299,24,대중제
경북,애플밸리C.C,경상북도 김천시 어모면 작점로 606,9,대중제
경북,포도C.C,경상북도 김천시 구성면 남김천대로 2532,27,대중제
경북,남안동C.C,경상북도 안동시 일직면 풍일로 1887,18,회원제
경북,안동리버힐C.C,경상북도 안동시 풍천면 풍일로 1572,18,회원제
경북,안동레이크골프클럽,경상북도 안동시 관광단지로 316,18,대중제
경북,골프존카운티 선산,경상북도 구미시 산동면 강동로 953-73,18,회원제
경북,골프존카운티 구미,경상북도 구미시 산동면 강동로 953-74,18,대중제
경북,구미C.C,경상북도 구미시 장천면 송백로 229,27,대중제
경북,오펠G.C,경상북도 영천시 고경면 호국로 1221-24,27,회원제
경북,영천C.C,경상북도 영천시 임고면 방목길 34-2,27,회원제
경북,시엘G.C,경상북도 영천시 청통면 청통로 334-41,9,대중제
경북,청통골프장,경상북도 영천시 청통면 청통로 733,18,대중제
경북,블루원상주골프리조트,경상북도 상주시 모서면 화현3길 127,18,대중제
경북,뉴스프링빌Ⅱ,경상북도 상주시 모서면 백화로 40,18,대중제
경북,문경레저타운골프장,경상북도 문경시 마성면 문경골프장길 240,18,대중제
경북,대구C.C,경상북도 경산시 진량읍 일연로 718-42,27,회원제
경북,인터불고컨트리클럽,경상북도 경산시 삼성현로 614-26,27,회원제
경북,엠스클럽의성,경상북도 의성군 봉양면 농공마전길 125-78,18,대중제
경북,엠스클럽의성,경상북도 의성군 봉양면 농공마전길 125-78,9,대중제
경북,파라지오C.C,경상북도 의성군 봉양면 농공마전길 167,18,대중제
경북,오션비치C.C,경상북도 영덕군 강구면 동해대로 4265-43,27,대중제
경북,그레이스C.C,경상북도 청도군 이서면 서녁길 91,27,대중제
경북,오션힐스청도G.C,경상북도 청도군 매전면 곰티로 370-204,18,대중제
경북,펜타뷰골프클럽,경상북도 청도군 금천면 금천로 709,9,대중제
경북,유니밸리C.C,경상북도 고령군 고령읍 일량로 588,9,대중제
경북,마스터피스CC,경상북도 고령군 쌍림면 산막길 47-80,18,대중제
경북,대가야CC,경상북도 고령군 대가야읍 대가야로 1103,9,대중제
경북,다산 샤인힐CC,경상북도 고령군 다산면 벌지로 175-115,18,대중제
경북,파미힐스C.C,경상북도 칠곡군 왜관읍 봉계로 263,36,회원제
경북,마이다스 구미 골프아카데미,경상북도 칠곡군 가산면 학하2길 54-171,9,대중제
경북,세븐밸리C.C,경상북도 칠곡군 왜관읍 봉계3길 180,18,대중제
경북,칠곡아이위시C.C,경상북도 칠곡군 기산면 노석1길 49-112,9,대중제
경북,한맥C.C&노블리아,경상북도 예천군 호명면 한맥골프장길 72,18,대중제
경북,마린CC,경상북도 울진군 매화면 매화로 115-99,18,대중제
광주,빛고을컨트리클럽,광주광역시 남구 효우로 153(노대동),9,대중제
광주,에콜리안광산골프장,광주광역시 광산구 오목내길 26(연산동),9,대중제
광주,어등산컨트리클럽,광주광역시 광산구 무진대로 31(운수동),27,대중제
대구,팔공컨트리클럽,대구광역시 동구 팔공산로 237길 186,18,회원제
대구,냉천컨트리클럽,대구광역시 달성군 가창면 가창로 1037-9,9,대중제
대구,구니컨트리클럽,대구광역시 군위군 군위읍 도군로 2450,18,대중제
대구,오펠골프클럽,대구광역시 군위군 산성면 부흥로 227,18,대중제
대구,이지스카이컨트리클럽,대구광역시 군위군 군위읍 대흥1길 48-100,18,대중제
대전,유성컨트리클럽,대전 유성구 현충원로 200(덕명동 215-7번지),18,회원제
대전,대덕복지센터,대전 유성구 유성대로 1689번길 69(전민동 463번지),9,대중제
대전,금실대덕밸리CC,대전 유성구 테크노중앙로 210(용산동 676번지),9,대중제
부산,부산컨트리클럽,부산광역시 금정구 중앙대로2327번길 11,18,회원제
부산,동래베네스트골프클럽,부산광역시 금정구 하정로 66,18,회원제
부산,하이스트컨트리클럽,부산광역시 강서구 과학산단1로 172,9,대중제
부산,해라컨트리클럽,부산광역시 강서구 과학산단로 306번길 77,9,대중제
부산,아시아드컨트리클럽,부산광역시 기장군 일광읍 차양길 26,27,회원제
부산,해운대컨트리클럽,부산광역시 기장군 정관면 병산2로 265,27,회원제
부산,베이사이드골프클럽,부산광역시 기장군 일광읍 이천8길 100,27,회원제
부산,해운대비치골프앤리조트,부산광역시 기장군 기장읍 대변로 74,18,회원제
부산,기장동원로얄컨트리클럽,부산광역시 기장군 기장읍 반송로 1345-52,9,대중제
부산,스톤게이트컨트리클럽,부산광역시 기장군 일광읍 곡천길 317,18,대중제
서울,인서울27골프클럽,서울특별시 강서구 오정로 443-198,27,비회원제
세종,세종에머슨컨트리클럽,세종특별자치시 전의면 운주산로 1510,27,회원제
세종,건설공제조합세종필드골프클럽,세종특별자치시 정안세종로  1569,18,대중제
세종,세종레이캐슬골프&리조트,세종특별자치시 전의면 의당전의로 252,27,대중제
울산,보라골프장,울주군 삼동면 삼동로 404,27,회원제
울산,삼남골프장,울주군 삼남면 방기가천로 179,9,대중제
울산,더골프골프장,울주군 서생면 용연길 206-52,18,대중제
울산,울산골프장,울주군 웅촌면 웅촌로 1,27,회원제
울산,베이스타즈CC,북구 미포산업로 800,18,대중제
울산,오르비스골프클럽,울주군 온양읍 망양리 산14-9,18,대중제
인천,인천국제컨트리클럽,인천시 서구 도요지로 37,18,회원제
인천,잭 니클라우스 골프클럽 코리아,인천시 연수구 아카데미로 209,18,회원제
인천,송도골프클럽,인천시 연수구 능허대로 236,8,대중제
인천,인천그랜드컨트리클럽,인천시 서구 원석로 195,18,대중제
인천,클럽72(바다),인천시 중구 공항동로 392,63,대중제
인천,클럽72(하늘),인천시 중구 공항동로135번길 267,18,대중제
인천,베어즈베스트청라골프클럽,인천시 서구 청라대로 316번길 45,27,대중제
인천,드림파크골프장,인천시 서구 거월로 61,36,대중제
인천,골프존카운티 송도 골프장,인천시 연수구 인천신항대로 1120,18,대중제
인천,석모도컨트리클럽,인천시 강화군 어류정길 177,18,대중제
인천,오렌지듄스 영종골프클럽,인천시 중구 운서동 2850-43번지 일원,18,대중제
인천,강화 선두리 골프장,인천시 강화군 해안남로 474번길 59,9,대중제
인천,베르힐CC 영종,인천시 중구 한상중앙로 66(중산동),36,대중제
전남,여수시티파크골프&호텔,전남 여수시 좌수영로 641,18,대중제
전남,디오션CC,전남 여수시 화양면 안포리 1917,18,대중제
전남,세이지우드 여수경도,전남 여수시 대경도길 111,27,대중제
전남,포라이즌,전남 순천시 별량면 오실길 333,27,회원제
전남,파인힐스CC,전남 순천시 주암면 송강사길 99,27,대중제
전남,순천CC,전남 순천시 별량면 동화사길 85,9,대중제
전남,골프존카운티,전남 순천시 주암면 행정1길 77,36,대중제
전남,순천부영CC,전남 순천시 해룡면 신대로 188,18,대중제
전남,골드레이크CC,전남 나주시 남평읍 나주호로 442-129,18,대중제
전남,골드레이크CC,전남 나주시 남평읍 나주호로 442-129,18,회원제
전남,해피니스CC,전남 나주시 다도면 다도로 171-60,18,대중제
전남,해피니스CC,전남 나주시 다도면 다도로 171-60,18,회원제
전남,나주CC,전남 나주시 공산면 상방신포길 154-32,9,대중제
전남,나주힐스CC,전남 나주시 공산면 삼방신포길 160-27,9,대중제
전남,광양CC,전남 광양시 가야로 223,6,대중제
전남,창평CC,전남 담양군 창평면 오강리 27-2,9,대중제
전남,레이나CC,전남 담양군 담양읍 깊은실길 169,18,대중제
전남,죽향CC,전남 담양군 창평면 창평로 159,9,대중제
전남,광주CC,전남 곡성군 옥과면 입면로 455,27,회원제
전남,옥과기안CC,전남 곡성군 옥과면 소룡리 427-2,9,대중제
전남,르오네뜨CC,전남 곡성군 오산면 오산로 819-126,9,대중제
전남,보성CC,전남 보성군 조성면 대곡리 1117,18,대중제
전남,보성에덴CC,전남 보성군 보성읍 쾌상리 1385,9,대중제
전남,엘리체CC,전남 화순군 춘양면 장곡길 55,18,회원제
전남,화순CC,전남 화순군 도곡면 천태로 1000-151,27,회원제
전남,조아밸리CC,전남 화순군 도곡면 고인돌2로 450,9,대중제
전남,무등산CC,전남 화순군 화순읍 오성로 292-90,27,대중제
전남,JNJ골프리조트,장흥군 장평면 제산기동로 326,27,대중제
전남,다산베아채골프&리조트,전남 강진군 도암면 학장용산길 101,27,대중제
전남,오시아노골프클럽,해남군 화원면 시아로 224,9,대중제
전남,파인비치골프링크스,해남군 화원면 시아로 224,18,대중제
전남,솔라시도CC,해남군 산이면 산이로 2247,18,대중제
전남,아크로CC,전남 영암군 금정면 안적동길 403,27,대중제
전남,cosmos 1,영암군 삼호읍 에프원로 121-4,18,대중제
전남,골프존카운티 영암,영암군 삼호읍 에프원로 121-1,45,대중제
전남,무안CC,전남 무안군 청계면 도대리 818,54,대중제
전남,클린밸리CC,전남 무안군 청계면 태봉길 33-100,18,대중제
전남,엘리체CC,전남 함평군 학교면 서당매길 242,27,대중제
전남,천지CC,전남 함평군 함장로 889-11,9,대중제
전남,베르힐컨트리클럽,전남 함평군 대동면 대동길 408,27,대중제
전남,웨스트오션CC,영광군 백수읍 해안로 1362-70,18,대중제
전남,에콜리안영광골프장,영광군 영광읍 월현로 1길 40,9,대중제
전남,푸른솔 골프클럽,전남 장성군 동화면 임정로 155,27,대중제
전남,백양우리CC,전남 장성군 북이면 사거리 752-1,9,대중제
전북,전주월드컵골프장,전북특별자치도 전주시 덕진구 온고을로 672,9,대중제
전북,군산CC,전북특별자치도 군산시 옥서면 남산군로 1685,81,대중제
전북,익산컨트리클럽,전북특별자치도 익산시 무왕로38길 111,18,대중제
전북,상떼힐CC,전북특별자치도 익산시 무왕로38길 111,6,대중제
전북,웅포컨트리클럽,전북특별자치도 익산시 웅포면 강변로 130,18,대중제
전북,포세븐금강컨트리클럽,전북특별자치도 익산시 웅포면 강변로 130,18,대중제
전북,태인CC,전북특별자치도 정읍시 태인면 상증길 28,18,대중제
전북,태인CC,전북특별자치도 정읍시 태인면 상증길 28,9,대중제
전북,내장산골프&리조트,전북특별자치도 정읍시 첨단과학로 476,18,대중제
전북,남원상록골프장,전북특별자치도 남원시 대산면 월계길 11,18,대중제
전북,골프존 카운티 드래곤,전북특별자치도 남원시 대산면 대사로 498,18,대중제
전북,골프존 카운티 드래곤,전북특별자치도 남원시 대산면 대사로 498,9,대중제
전북,아네스빌CC,전북특별자치도 김제시 황산면 높은메길 160-39,9,대중제
전북,에스페란사GC,전북특별자치도 김제시 금구면 낙산로 120,9,대중제
전북,김제스파힐스CC,전북특별자치도 김제시 온천길 37,18,대중제
전북,더나인골프클럽,전북특별자치도 김제시 금구면 대화1길 8-75,9,대중제
전북,OKCC,전북특별자치도 완주군 소양면 화심리 300,9,대중제
전북,케이밸리컨트리클럽,전북특별자치도 완주군 운주면 산북리 65-4,9,대중제
전북,써미트CC,전북특별자치도 진안군 부귀면 부귀로 72-161,27,대중제
전북,무주덕유산CC,전북특별자치도 무주군 설천면 만선로 185,18,회원제
전북,골프존카운티무주,전북특별자치도 무주군 안성면 장무로 1537-21,18,대중제
전북,장수골프리조트,전북특별자치도 장수군 계남면 장안산로 303,18,대중제
전북,전주샹그릴라CC,전북특별자치도 임실군 신덕면 수지로 559-90,27,회원제
전북,금과골프장,전북특별자치도 순창군 금과면 담순로 716,6,대중제
전북,디케이레저,전북특별자치도 순창군 순창읍 금산로 152,9,대중제
전북,고창CC,전북특별자치도 고창군 심원면 애향갯벌로 70,21,대중제
전북,골프존카운티선운,전북특별자치도 고창군 아산면 운곡로 418,18,대중제
전북,석정힐CC,전북특별자치도 고창군 고창읍 석정2로 192,18,대중제
제주,타미우스cc,제주특별자치도 제주시 애월읍 화전길 201,27,회원제
제주,그린필드GC,제주특별자치도 제주시 조천읍 번영로 1040-70,18,회원제
제주,라헨느CC,제주특별자치도 제주시 봉개동 241-13,18,회원제
제주,볼카노골프앤리조트,제주특별자치도 서귀포시 산록남로 1391,27,회원제
제주,테디밸리,제주특별자치도 서귀포시 한창로 365,18,회원제
제주,㈜그랜드부민 꿈드림목장,제주특별자치도 제주시 516로 2596-117,9,대중제
제주,에코랜드,제주특별자치도 제주시 조천읍 번영로 1278-169,27,대중제
제주,라온골프클럽,제주특별자치도 제주시 한경면 용금로 998,27,대중제
제주,크라운CC,제주특별자치도 제주시 조천읍 북선로 125,27,대중제
제주,더시에나CC,제주특별자치도 제주시 516로 2695,18,대중제
제주,아덴힐,제주특별자치도 제주시 화전길 82,18,대중제
제주,한라산CC,제주특별자치도 제주시 선돌목동길 56-46,18,대중제
제주,플라자CC,제주특별자치도 제주시 명림로 575-107,9,대중제
제주,부영CC,제주특별자치도 서귀포시 남원읍 남조로 960,27,대중제
제주,서귀포팬텀 골프앤리조트,제주특별자치도 서귀포시 산록남로 2914,18,대중제
제주,중문GC,제주특별자치도 서귀포시 중문관광로 72번길 60,18,대중제
제주,스프링데일,제주특별자치도 서귀포시 남원읍 서성로 459,18,대중제
제주,더클래식CC,제주특별자치도 서귀포시 남원읍 남조로 1105,18,대중제
제주,샤인빌파크CC,제주특별자치도 서귀포시 표선면 가시로 384,18,대중제
제주,골프존카운티오라,제주특별자치도 제주시 오라남로 130-16,18,회원제
제주,골프존카운티오라,제주특별자치도 제주시 오라남로 130-16,18,대중제
제주,엘리시안제주,제주특별자치도 제주시 평화로 1738-116,18,회원제
제주,엘리시안제주,제주특별자치도 제주시 평화로 1738-116,18,대중제
제주,에버리스CC,제주특별자치도 제주시 평화로 1693-75,18,회원제
제주,에버리스CC,제주특별자치도 제주시 평화로 1693-75,9,대중제
제주,아난티클럽제주,제주특별자치도 제주시 선유로 445-55,9,회원제
제주,아난티클럽제주,제주특별자치도 제주시 선유로 445-55,27,대중제
제주,블랙스톤제주,제주특별자치도 제주시 한창로 925-122,18,회원제
제주,블랙스톤제주,제주특별자치도 제주시 한창로 925-122,9,회원제
제주,캐슬렉스제주,제주특별자치도 서귀포시 안덕면 평화로 1241,18,회원제
제주,캐슬렉스제주,제주특별자치도 서귀포시 안덕면 평화로 1241,9,대중제
제주,해비치CC,제주특별자치도 서귀포시 남원읍 원님로 399번길 319,18,회원제
제주,해비치CC,제주특별자치도 서귀포시 남원읍 원님로 399번길 319,18,대중제
제주,롯데스카이힐제주,제주특별자치도 서귀포시 상예로 530,18,회원제
제주,롯데스카이힐제주,제주특별자치도 서귀포시 상예로 530,18,대중제
제주,사이프러스골프,제주특별자치도 서귀포시 번영로 2300,18,회원제
제주,사이프러스골프,제주특별자치도 서귀포시 번영로 2300,18,대중제
제주,나인브릿지,제주특별자치도 서귀포시 안덕면 광평로 34-156,18,회원제
제주,나인브릿지,제주특별자치도 서귀포시 안덕면 광평로 34-156,6,대중제
제주,SK핀크스,제주특별자치도 서귀포시 안덕면 산록남로 863,18,회원제
제주,SK핀크스,제주특별자치도 서귀포시 안덕면 산록남로 863,9,대중제
충남,우정힐스 컨트리클럽,목천읍 충절로 1048-68,18,회원제
충남,천안상록 골프장,수신면 수신로 576,27,대중제
충남,골프존카운티 천안,병천면 매성2길 103,18,대중제
충남,마론컨트리클럽,동남구 북면 납안5길 74,18,대중제
충남,프린세스 골프클럽,공주시 정안면 방자들길 81-50(인풍리),18,대중제
충남,골드리버CC,공주시 의당면 신정말길 67-133(청룡리),9,대중제
충남,계룡산골프장,공주시 계룡면 아랫난댕이길 17(내흥리),9,대중제
충남,보령베이스CC,보령시 옥마벚길 10,9,대중제
충남,에스앤 골프리조트,보령시 남포면 양항리 650-2,9,대중제
충남,도고컨트리 구락부,선장면 삼봉산길 188,18,회원제
충남,에스지아름다운골프&리조트,영인면 영인산로 440,27,대중제
충남,서산수 골프앤리조트,서산시 대산읍 삼길포7로 8,18,대중제
충남,더힐 컨트리클럽,논산시 상월면 선비로 1079,9,대중제
충남,아리스타 CC,연무읍 황화정리 산100,18,대중제
충남,파인스톤 컨트리클럽,당진시 송산면 무수들길 90,18,대중제
충남,파나시아 골프클럽,당진시 신평면 계명길 33,9,대중제
충남,플라밍고C.C,당진시 석문면 산단8로 299,30,대중제
충남,에딘버러 컨트리클럽,금산군 진산면 살구정길 167,18,회원제
충남,백제컨트리클럽,부여군 은산면 충절로 3734-82,27,대중제
충남,㈜호텔롯데 스카이힐 부여CC,부여군 규암면 백제문로 470,18,대중제
충남,골든베이골프&리조트,태안군 근흥면 정선포로 217,27,대중제
충남,스톤비치컨트리클럽,태안군 근흥면 갈음이길 88,18,대중제
충남,로얄링스1,태안군 태안읍 반곡길 284,18,대중제
충남,로얄링스2,태안군 태안읍 반곡길 284,18,대중제
충남,솔라고CC1,태안군 태안읍 소곳이길 92-234,18,대중제
충남,솔라고CC2,태안군 태안읍 소곳이길 92-234,18,대중제
충남,내포골프클럽,예산군 삽교읍 산수길 242(목리 1420),9,대중제
충북,그랜드cc,청주시 청원군 오창읍 꽃화산길 14,27,회원제
충북,아난티 중앙골프클럽,진천군 백곡면 배티로 818-105,27,회원제
충북,천 룡cc,진천군 이월면 진안로 347-123,27,회원제
충북,세레니티cc,청주시 서원구 남이면 문곡구절골길 235,18,회원제
충북,스 타cc,충주시 앙성면 상대촌1길 198,18,회원제
충북,임페리얼레이크,충주시 금가면 다래울길 52,18,대중제
충북,천 룡cc,진천군 이월면 진안로 425,9,대중제
충북,시그너스cc,충주시 앙성면 중방곡길 57-44,9,대중제
충북,시그너스cc,충주시 앙성면 중방곡길 57-44,18,대중제
충북,떼제베운영,청주시 흥덕구 옥산면 동림2길 149,36,대중제
충북,썬밸리cc,음성군 삼성면 법말길 49,18,대중제
충북,중 원cc,충주시 산척면 인등로 392,27,대중제
충북,레인보우힐스,음성군 생극면 차생로 168,27,대중제
충북,히든밸리cc,진천군 백곡면 소토골길 61,27,대중제
충북,골드나인cc,청주시 청원구 낭성면 산성로 1520-17,9,대중제
충북,센테리움cc,충주시 노은면 솔고개로 750,27,대중제
충북,대호단양cc,단양군 매포읍 고양5길 43,18,대중제
충북,대영베이스cc,충주시 대소원면 성종두담길 113,18,대중제
충북,골프존카운티 진천cc,진천군 진천읍 송강로 783-51,27,대중제
충북,오창 에딘버러,청주시 청원구 오창읍 두릉유리로 846,9,대중제
충북,이븐데일cc,청주시 상당구 미원면 대신2길 31,18,대중제
충북,킹즈락cc,제천시 천남동 내토로7길 136,27,대중제
충북,골프존카운티 화랑cc,진천군 문백면 농다리로 809,18,대중제
충북,젠스필드cc,음성군 삼성면 덕호로 382,18,대중제
충북,로얄포레cc,충주시 신니면 화치3길 35,18,대중제
충북,대영힐스cc,충주시 대소원면 성종두담길 114,27,대중제
충북,진양밸리cc,음성군 삼성면 금일로 1195,27,대중제
충북,에콜리안제천,제천시 고암동 송학 주천로 102,9,대중제
충북,코스카cc,음성군 음성읍 동음로 318,27,대중제
충북,클럽디속리산,보은군 탄부면 평각상장로 230,18,대중제
충북,동 촌cc,충주시 노은면 감노로 1327,18,대중제
충북,세 일cc,충주시 신니면 동락길 207,18,대중제
충북,클럽디보은,보은군 보은읍 장속중초로 386,18,대중제
충북,올데이 골프앤리조트,충주시 앙성면 비내길 189,27,대중제
충북,감곡CC,음성군 감곡면 문촌리 산81-6,18,대중제
충북,일라이트 컨트리클럽,영동군 영동읍 매천리 산 35-1,18,대중제
충북,일레븐cc,충주시 앙성면 본평리 산 43-1,18,대중제
충북,킹스데일cc,충주시 주덕면 기업도시3로 2,18,대중제
충북,블랙스톤cc,증평군 도안면 벼루재길 334,18,대중제
충북,모나크cc,음성군 금왕읍 대금로 1851번길 3-14,18,대중제
충북,음성 힐데스하임cc,음성군 소이면 후미리 산40-4,27,대중제
충북,세레니티cc,청주시 서원구 남이면 산막리 산 128,9,비회원제
